"","i"
"1","sk__Eukaryota, k__Metazoa, p__Annelida, c__Clitellata, o__Haplotaxida, f__Lumbricidae, g__Allolobophora, s__Allolobophora_chlorotica"
"2","sk__Eukaryota, k__Metazoa, p__Annelida, c__Clitellata, o__Haplotaxida, f__Lumbricidae, g__Aporrectodea, s__Aporrectodea_caliginosa"
"3","sk__Eukaryota, k__Metazoa, p__Annelida, c__Clitellata, o__Haplotaxida, f__Lumbricidae, g__Lumbricus, s__Lumbricus_rubellus"
"4","sk__Eukaryota, k__Metazoa, p__Annelida, c__Clitellata, o__Haplotaxida, f__Naididae, g__Bothrioneurum, s__Bothrioneurum_vejdovskyanum"
"5","sk__Eukaryota, k__Metazoa, p__Annelida, c__Clitellata, o__Haplotaxida, f__Naididae, g__Branchiura, s__Branchiura_sowerbyi"
"6","sk__Eukaryota, k__Metazoa, p__Annelida, c__Clitellata, o__Haplotaxida, f__Naididae, g__Chaetogaster, s__Chaetogaster_diastrophus"
"7","sk__Eukaryota, k__Metazoa, p__Annelida, c__Clitellata, o__Haplotaxida, f__Naididae, g__Limnodrilus, s__Limnodrilus_claparedianus"
"8","sk__Eukaryota, k__Metazoa, p__Annelida, c__Clitellata, o__Haplotaxida, f__Naididae, g__Limnodrilus, s__Limnodrilus_hoffmeisteri"
"9","sk__Eukaryota, k__Metazoa, p__Annelida, c__Clitellata, o__Haplotaxida, f__Naididae, g__Nais, s__Nais_barbata"
"10","sk__Eukaryota, k__Metazoa, p__Annelida, c__Clitellata, o__Haplotaxida, f__Naididae, g__Nais, s__Nais_bretscheri"
"11","sk__Eukaryota, k__Metazoa, p__Annelida, c__Clitellata, o__Haplotaxida, f__Naididae, g__Nais, s__Nais_christinae"
"12","sk__Eukaryota, k__Metazoa, p__Annelida, c__Clitellata, o__Haplotaxida, f__Naididae, g__Nais, s__Nais_elinguis"
"13","sk__Eukaryota, k__Metazoa, p__Annelida, c__Clitellata, o__Haplotaxida, f__Naididae, g__Ophidonais, s__Ophidonais_serpentina"
"14","sk__Eukaryota, k__Metazoa, p__Annelida, c__Clitellata, o__Haplotaxida, f__Naididae, g__Potamothrix, s__Potamothrix_bavaricus"
"15","sk__Eukaryota, k__Metazoa, p__Annelida, c__Clitellata, o__Haplotaxida, f__Naididae, g__Potamothrix, s__Potamothrix_moldaviensis"
"16","sk__Eukaryota, k__Metazoa, p__Annelida, c__Clitellata, o__Haplotaxida, f__Naididae, g__Stylaria, s__Stylaria_lacustris"
"17","sk__Eukaryota, k__Metazoa, p__Annelida, c__Clitellata, o__Haplotaxida, f__Naididae, g__Tubifex, s__Tubifex_tubifex"
"18","sk__Eukaryota, k__Metazoa, p__Annelida, c__Clitellata, o__Lumbriculida, f__Lumbriculidae, g__Lumbriculus, s__Lumbriculus_variegatus"
"19","sk__Eukaryota, k__Metazoa, p__Arthropoda, c__Branchiopoda, o__Diplostraca, f__Bosminidae, g__Eubosmina, s__Eubosmina_coregoni"
"20","sk__Eukaryota, k__Metazoa, p__Arthropoda, c__Branchiopoda, o__Diplostraca, f__Eurycercidae, g__Eurycercus, s__Eurycercus_lamellatus"
"21","sk__Eukaryota, k__Metazoa, p__Arthropoda, c__Branchiopoda, o__Diplostraca, f__Polyphemidae, g__Polyphemus, s__Polyphemus_pediculus"
"22","sk__Eukaryota, k__Metazoa, p__Arthropoda, c__Branchiopoda, o__Diplostraca, f__Sididae, g__Diaphanosoma, s__Diaphanosoma_brachyurum"
"23","sk__Eukaryota, k__Metazoa, p__Arthropoda, c__Branchiopoda, o__Diplostraca, f__Sididae, g__Sida, s__Sida_crystallina"
"24","sk__Eukaryota, k__Metazoa, p__Arthropoda, c__Collembola, o__Poduromorpha, f__Poduridae, g__Podura, s__Podura_aquatica"
"25","sk__Eukaryota, k__Metazoa, p__Arthropoda, c__Hexanauplia, o__Calanoida, f__Temoridae, g__Eurytemora, s__Eurytemora_affinis"
"26","sk__Eukaryota, k__Metazoa, p__Arthropoda, c__Hexanauplia, o__Cyclopoida, f__Cyclopidae, g__Acanthocyclops, s__Acanthocyclops_robustus"
"27","sk__Eukaryota, k__Metazoa, p__Arthropoda, c__Hexanauplia, o__Cyclopoida, f__Cyclopidae, g__Eucyclops, s__Eucyclops_macrurus"
"28","sk__Eukaryota, k__Metazoa, p__Arthropoda, c__Hexanauplia, o__Cyclopoida, f__Cyclopidae, g__Eucyclops, s__Eucyclops_serrulatus"
"29","sk__Eukaryota, k__Metazoa, p__Arthropoda, c__Hexanauplia, o__Cyclopoida, f__Cyclopidae, g__Mesocyclops, s__Mesocyclops_leuckarti"
"30","sk__Eukaryota, k__Metazoa, p__Arthropoda, c__Insecta, o__Coleoptera, f__Coccinellidae, g__Harmonia, s__Harmonia_axyridis"
"31","sk__Eukaryota, k__Metazoa, p__Arthropoda, c__Insecta, o__Ephemeroptera, f__Caenidae, g__Caenis, s__Caenis_horaria"
"32","sk__Eukaryota, k__Metazoa, p__Arthropoda, c__Insecta, o__Hymenoptera, f__Megachilidae, g__Osmia, s__Osmia_bicornis"
"33","sk__Eukaryota, k__Metazoa, p__Arthropoda, c__Insecta, o__Trichoptera, f__Hydroptilidae, g__Oxyethira, s__Oxyethira_flavicornis"
"34","sk__Eukaryota, k__Metazoa, p__Arthropoda, c__Insecta, o__Trichoptera, f__Psychomyiidae, g__Lype, s__Lype_phaeopa"
"35","sk__Eukaryota, k__Metazoa, p__Arthropoda, c__Malacostraca, o__Amphipoda, f__Corophiidae, g__Corophium, s__Corophium_multisetosum"
"36","sk__Eukaryota, k__Metazoa, p__Arthropoda, c__Malacostraca, o__Amphipoda, f__Crangonyctidae, g__Crangonyx, s__Crangonyx_floridanus"
"37","sk__Eukaryota, k__Metazoa, p__Arthropoda, c__Malacostraca, o__Amphipoda, f__Crangonyctidae, g__Crangonyx, s__Crangonyx_pseudogracilis"
"38","sk__Eukaryota, k__Metazoa, p__Arthropoda, c__Malacostraca, o__Amphipoda, f__Gammaridae, g__Dikerogammarus, s__Dikerogammarus_villosus"
"39","sk__Eukaryota, k__Metazoa, p__Arthropoda, c__Malacostraca, o__Amphipoda, f__Gammaridae, g__Gammarus, s__Gammarus_zaddachi"
"40","sk__Eukaryota, k__Metazoa, p__Arthropoda, c__Malacostraca, o__Isopoda, f__Asellidae, g__Asellus, s__Asellus_aquaticus"
"41","sk__Eukaryota, k__Metazoa, p__Arthropoda, c__Ostracoda, o__Podocopida, f__Cyprididae, g__Cypridopsis, s__Cypridopsis_vidua"
"42","sk__Eukaryota, k__Metazoa, p__Arthropoda, c__Ostracoda, o__Podocopida, f__Cyprididae, g__Eucypris, s__Eucypris_virens"
"43","sk__Eukaryota, k__Metazoa, p__Arthropoda, c__Ostracoda, o__Podocopida, f__Limnocytheridae, g__Limnocythere, s__Limnocythere_inopinata"
"44","sk__Eukaryota, k__Metazoa, p__Mollusca, c__Bivalvia, o__Unionoida, f__Unionidae, g__Anodonta, s__Anodonta_anatina"
"45","sk__Eukaryota, k__Metazoa, p__Mollusca, c__Bivalvia, o__Unionoida, f__Unionidae, g__Unio, s__Unio_pictorum"
"46","sk__Eukaryota, k__Metazoa, p__Mollusca, c__Bivalvia, o__Veneroida, f__Corbiculidae, g__Corbicula, s__Corbicula_fluminea"
"47","sk__Eukaryota, k__Metazoa, p__Mollusca, c__Bivalvia, o__Veneroida, f__Dreissenidae, g__Dreissena, s__Dreissena_polymorpha"
"48","sk__Eukaryota, k__Metazoa, p__Mollusca, c__Gastropoda, o__Littorinimorpha, f__Hydrobiidae, g__Potamopyrgus, s__Potamopyrgus_antipodarum"
"49","sk__Eukaryota, k__Metazoa, p__Mollusca, c__Gastropoda, o__unknown, f__Lymnaeidae, g__Radix, s__Radix_auricularia"
"50","sk__Eukaryota, k__Metazoa, p__Mollusca, c__Gastropoda, o__unknown, f__Lymnaeidae, g__Radix, s__Radix_balthica"
"51","sk__Eukaryota, k__Metazoa, p__Mollusca, c__Gastropoda, o__unknown, f__Physidae, g__Physella, s__Physella_acuta"
"52","sk__Eukaryota, k__Metazoa, p__Mollusca, c__Gastropoda, o__unknown, f__Planorbidae, g__Bathyomphalus, s__Bathyomphalus_contortus"
"53","sk__Eukaryota, k__Metazoa, p__Arthropoda, c__Hexanauplia, o__Cyclopoida, f__Cyclopidae"
"54","sk__Bacteria, k__unknown, p__Cyanobacteria, c__unknown, o__Chroococcales, f__Microcystaceae, g__Microcystis, s__Microcystis_aeruginosa"
"55","sk__Eukaryota, k__Fungi, p__Ascomycota, c__Dothideomycetes, o__Capnodiales, f__Mycosphaerellaceae, g__Zymoseptoria, s__Zymoseptoria_tritici"
"56","sk__Eukaryota, k__Fungi, p__Ascomycota, c__Dothideomycetes, o__Pleosporales, f__Didymellaceae, g__Didymella, s__Didymella_pinodes"
"57","sk__Eukaryota, k__Fungi, p__Ascomycota, c__Sordariomycetes, o__Glomerellales, f__Plectosphaerellaceae, g__Verticillium, s__Verticillium_dahliae"
"58","sk__Eukaryota, k__Fungi, p__Ascomycota, c__Sordariomycetes, o__Hypocreales, f__Nectriaceae, g__Cylindrodendrum, s__Cylindrodendrum_hubeiense"
"59","sk__Eukaryota, k__Fungi, p__Ascomycota, c__Sordariomycetes, o__Hypocreales, f__Nectriaceae, g__Ilyonectria, s__Ilyonectria_destructans"
"60","sk__Eukaryota, k__Fungi, p__Ascomycota, c__Sordariomycetes, o__Hypocreales, f__Nectriaceae, g__Thelonectria, s__Thelonectria_discophora"
"61","sk__Eukaryota, k__Fungi, p__Ascomycota, c__Sordariomycetes, o__Hypocreales, f__Nectriaceae, g__Thelonectria, s__Thelonectria_veuillotiana"
"62","sk__Eukaryota, k__Fungi, p__Ascomycota, c__unknown, o__unknown, f__unknown, g__Tetracladium, s__Tetracladium_setigerum"
"63","sk__Eukaryota, k__Fungi, p__Basidiomycota, c__Agaricomycetes, o__Agaricales, f__Mycenaceae, g__Mycena, s__Mycena_cf._purpureofusca_MUSH159-07"
"64","sk__Eukaryota, k__Fungi, p__Basidiomycota, c__Exobasidiomycetes, o__Microstromatales, f__unknown, g__unknown, s__uncultured_Jaminaea"
"65","sk__Eukaryota, k__Metazoa, p__Annelida, c__Clitellata, o__Haplotaxida, f__Lumbricidae, g__Aporrectodea, s__Aporrectodea_longa"
"66","sk__Eukaryota, k__Metazoa, p__Annelida, c__Clitellata, o__Haplotaxida, f__Lumbricidae, g__Lumbricus, s__Lumbricus_rubellus"
"67","sk__Eukaryota, k__Metazoa, p__Annelida, c__Clitellata, o__Haplotaxida, f__Lumbricidae, g__Lumbricus, s__Lumbricus_terrestris"
"68","sk__Eukaryota, k__Metazoa, p__Annelida, c__Clitellata, o__Haplotaxida, f__Lumbricidae, g__Satchellius, s__Satchellius_mammalis"
"69","sk__Eukaryota, k__Metazoa, p__Annelida, c__Clitellata, o__Haplotaxida, f__Naididae, g__Chaetogaster, s__Chaetogaster_diastrophus"
"70","sk__Eukaryota, k__Metazoa, p__Annelida, c__Clitellata, o__Haplotaxida, f__Naididae, g__Nais, s__Nais_communis/variabilis_complex_sp._A3"
"71","sk__Eukaryota, k__Metazoa, p__Annelida, c__Clitellata, o__Haplotaxida, f__unknown, g__unknown, s__Haplotaxida_sp._BOLD:AAN7517"
"72","sk__Eukaryota, k__Metazoa, p__Arthropoda, c__Arachnida, o__Sarcoptiformes, f__Camisiidae, g__Camisia, s__Camisia_segnis"
"73","sk__Eukaryota, k__Metazoa, p__Arthropoda, c__Arachnida, o__Sarcoptiformes, f__Camisiidae, g__Platynothrus, s__Platynothrus_peltifer"
"74","sk__Eukaryota, k__Metazoa, p__Arthropoda, c__Arachnida, o__Trombidiformes, f__unknown, g__unknown, s__Trombidiformes_sp._BOLD:ACI3657"
"75","sk__Eukaryota, k__Metazoa, p__Arthropoda, c__Branchiopoda, o__Diplostraca, f__Chydoridae, g__Chydorus, s__Chydorus_brevilabris"
"76","sk__Eukaryota, k__Metazoa, p__Arthropoda, c__Branchiopoda, o__Diplostraca, f__Leptodoridae, g__Leptodora, s__Leptodora_kindtii"
"77","sk__Eukaryota, k__Metazoa, p__Arthropoda, c__Branchiopoda, o__Diplostraca, f__Macrotrichidae, g__Macrothrix, s__Macrothrix_sp._HE-364"
"78","sk__Eukaryota, k__Metazoa, p__Arthropoda, c__Collembola, o__Entomobryomorpha, f__Isotomidae, g__Folsomia, s__Folsomia_sexoculata"
"79","sk__Eukaryota, k__Metazoa, p__Arthropoda, c__Collembola, o__Poduromorpha, f__Neanuridae, g__Anurida, s__Anurida_tullbergi"
"80","sk__Eukaryota, k__Metazoa, p__Arthropoda, c__Hexanauplia, o__Calanoida, f__Diaptomidae, g__Eudiaptomus, s__Eudiaptomus_gracilis"
"81","sk__Eukaryota, k__Metazoa, p__Arthropoda, c__Hexanauplia, o__Cyclopoida, f__Cyclopidae, g__Cyclops, s__Cyclops_abyssorum"
"82","sk__Eukaryota, k__Metazoa, p__Arthropoda, c__Hexanauplia, o__Cyclopoida, f__Cyclopidae, g__Eucyclops, s__Eucyclops_cf._serrulatus_ZISP_11SNM-532"
"83","sk__Eukaryota, k__Metazoa, p__Arthropoda, c__Hexanauplia, o__Harpacticoida, f__Canthocamptidae, g__unknown, s__Canthocamptidae_sp._BOLD:ACJ8158"
"84","sk__Eukaryota, k__Metazoa, p__Arthropoda, c__Insecta, o__Coleoptera, f__Cantharidae, g__Crudosilis, s__Crudosilis_ruficollis"
"85","sk__Eukaryota, k__Metazoa, p__Arthropoda, c__Insecta, o__Diptera, f__Ceratopogonidae, g__Culicoides, s__Culicoides_kibunensis"
"86","sk__Eukaryota, k__Metazoa, p__Arthropoda, c__Insecta, o__Diptera, f__Chironomidae, g__Chironomus, s__Chironomus_pseudothummi"
"87","sk__Eukaryota, k__Metazoa, p__Arthropoda, c__Insecta, o__Diptera, f__Chironomidae, g__Chironomus, s__Chironomus_riparius"
"88","sk__Eukaryota, k__Metazoa, p__Arthropoda, c__Insecta, o__Diptera, f__Chironomidae, g__Cricotopus, s__Cricotopus_laricomalis"
"89","sk__Eukaryota, k__Metazoa, p__Arthropoda, c__Insecta, o__Diptera, f__Chironomidae, g__Dicrotendipes, s__Dicrotendipes_nervosus"
"90","sk__Eukaryota, k__Metazoa, p__Arthropoda, c__Insecta, o__Diptera, f__Chironomidae, g__Endochironomus, s__Endochironomus_albipennis"
"91","sk__Eukaryota, k__Metazoa, p__Arthropoda, c__Insecta, o__Diptera, f__Chironomidae, g__Micropsectra, s__Micropsectra_contracta"
"92","sk__Eukaryota, k__Metazoa, p__Arthropoda, c__Insecta, o__Diptera, f__Chironomidae, g__Phaenopsectra, s__Phaenopsectra_flavipes"
"93","sk__Eukaryota, k__Metazoa, p__Arthropoda, c__Insecta, o__Diptera, f__Chironomidae, g__Stempellina, s__Stempellina_bausei"
"94","sk__Eukaryota, k__Metazoa, p__Arthropoda, c__Insecta, o__Diptera, f__Chironomidae, g__Stempellinella, s__Stempellinella_edwardsi"
"95","sk__Eukaryota, k__Metazoa, p__Arthropoda, c__Insecta, o__Diptera, f__Chironomidae, g__Tanytarsus, s__Tanytarsus_lestagei"
"96","sk__Eukaryota, k__Metazoa, p__Arthropoda, c__Insecta, o__Diptera, f__Chironomidae, g__Tanytarsus, s__Tanytarsus_medius"
"97","sk__Eukaryota, k__Metazoa, p__Arthropoda, c__Insecta, o__Diptera, f__Chironomidae, g__Tanytarsus, s__Tanytarsus_occultus"
"98","sk__Eukaryota, k__Metazoa, p__Arthropoda, c__Insecta, o__Diptera, f__Chironomidae, g__unknown, s__Chironomidae_sp._PA2_1"
"99","sk__Eukaryota, k__Metazoa, p__Arthropoda, c__Insecta, o__Diptera, f__Stratiomyidae, g__Sargus, s__Sargus_bipunctatus"
"100","sk__Eukaryota, k__Metazoa, p__Arthropoda, c__Insecta, o__Ephemeroptera, f__Caenidae, g__Caenis, s__Caenis_luctuosa"
"101","sk__Eukaryota, k__Metazoa, p__Arthropoda, c__Insecta, o__Hemiptera, f__Aphididae, g__Clethrobius, s__Clethrobius_comes"
"102","sk__Eukaryota, k__Metazoa, p__Arthropoda, c__Insecta, o__Hemiptera, f__Pemphigidae, g__Aploneura, s__Aploneura_lentisci"
"103","sk__Eukaryota, k__Metazoa, p__Arthropoda, c__Insecta, o__Psocoptera, f__Liposcelidae, g__Liposcelis, s__Liposcelis_brunnea"
"104","sk__Eukaryota, k__Metazoa, p__Arthropoda, c__Insecta, o__Psocoptera, f__unknown, g__unknown, s__Psocoptera_sp._BOLD:AAN8452"
"105","sk__Eukaryota, k__Metazoa, p__Arthropoda, c__Insecta, o__Thysanoptera, f__Thripidae, g__Taeniothrips, s__Taeniothrips_inconsequens"
"106","sk__Eukaryota, k__Metazoa, p__Arthropoda, c__Malacostraca, o__Amphipoda, f__Crangonyctidae, g__Crangonyx, s__Crangonyx_pseudogracilis"
"107","sk__Eukaryota, k__Metazoa, p__Arthropoda, c__Malacostraca, o__Isopoda, f__Porcellionidae, g__Porcellio, s__Porcellio_scaber"
"108","sk__Eukaryota, k__Metazoa, p__Arthropoda, c__Ostracoda, o__Podocopida, f__Cyprididae, g__Cyprideis, s__Cyprideis_torosa"
"109","sk__Eukaryota, k__Metazoa, p__Arthropoda, c__unknown, o__unknown, f__unknown, g__unknown, s__Maxillopoda_sp._BOLD:ACW5478"
"110","sk__Eukaryota, k__Metazoa, p__Bryozoa, c__Phylactolaemata, o__unknown, f__Cristatellidae, g__Cristatella, s__Cristatella_mucedo"
"111","sk__Eukaryota, k__Metazoa, p__Bryozoa, c__Phylactolaemata, o__unknown, f__Plumatellidae, g__Plumatella, s__Plumatella_fungosa"
"112","sk__Eukaryota, k__Metazoa, p__Chordata, c__Actinopteri, o__Cypriniformes, f__Cyprinidae, g__Abramis, s__Abramis_brama"
"113","sk__Eukaryota, k__Metazoa, p__Chordata, c__Actinopteri, o__Cypriniformes, f__Cyprinidae, g__Rutilus, s__Rutilus_rutilus"
"114","sk__Eukaryota, k__Metazoa, p__Chordata, c__Actinopteri, o__Perciformes, f__Percidae, g__Gymnocephalus, s__Gymnocephalus_cernua"
"115","sk__Eukaryota, k__Metazoa, p__Chordata, c__Actinopteri, o__Salmoniformes, f__Salmonidae, g__Oncorhynchus, s__Oncorhynchus_mykiss"
"116","sk__Eukaryota, k__Metazoa, p__Chordata, c__Actinopteri, o__Salmoniformes, f__Salmonidae, g__Salmo, s__Salmo_salar"
"117","sk__Eukaryota, k__Metazoa, p__Chordata, c__Actinopteri, o__Salmoniformes, f__Salmonidae, g__Salmo, s__Salmo_trutta"
"118","sk__Eukaryota, k__Metazoa, p__Chordata, c__Aves, o__Anseriformes, f__Anatidae, g__Anser, s__Anser_anser"
"119","sk__Eukaryota, k__Metazoa, p__Chordata, c__Aves, o__Anseriformes, f__Anatidae, g__Branta, s__Branta_canadensis"
"120","sk__Eukaryota, k__Metazoa, p__Chordata, c__Aves, o__Anseriformes, f__Anatidae, g__Cygnus, s__Cygnus_olor"
"121","sk__Eukaryota, k__Metazoa, p__Chordata, c__Aves, o__Charadriiformes, f__Charadriidae, g__Vanellus, s__Vanellus_vanellus"
"122","sk__Eukaryota, k__Metazoa, p__Chordata, c__Aves, o__Charadriiformes, f__Laridae, g__Chroicocephalus, s__Chroicocephalus_ridibundus"
"123","sk__Eukaryota, k__Metazoa, p__Chordata, c__Aves, o__Gruiformes, f__Rallidae, g__Fulica, s__Fulica_atra"
"124","sk__Eukaryota, k__Metazoa, p__Chordata, c__Aves, o__Passeriformes, f__Paridae, g__Cyanistes, s__Cyanistes_caeruleus"
"125","sk__Eukaryota, k__Metazoa, p__Chordata, c__Aves, o__Passeriformes, f__Paridae, g__Parus, s__Parus_major"
"126","sk__Eukaryota, k__Metazoa, p__Chordata, c__Aves, o__Passeriformes, f__Passeridae, g__Prunella, s__Prunella_modularis"
"127","sk__Eukaryota, k__Metazoa, p__Chordata, c__Aves, o__Passeriformes, f__Turdidae, g__Turdus, s__Turdus_merula"
"128","sk__Eukaryota, k__Metazoa, p__Chordata, c__Aves, o__Podicipediformes, f__Podicipedidae, g__Podiceps, s__Podiceps_cristatus"
"129","sk__Eukaryota, k__Metazoa, p__Chordata, c__Mammalia, o__Primates, f__Hominidae, g__Homo, s__Homo_sapiens"
"130","sk__Eukaryota, k__Metazoa, p__Chordata, c__Mammalia, o__Rodentia, f__Cricetidae, g__Myodes, s__Myodes_glareolus"
"131","sk__Eukaryota, k__Metazoa, p__Cnidaria, c__Hydrozoa, o__Anthoathecata, f__Hydridae, g__Hydra, s__Hydra_circumcincta"
"132","sk__Eukaryota, k__Metazoa, p__Cnidaria, c__Hydrozoa, o__Anthoathecata, f__Hydridae, g__Hydra, s__Hydra_oligactis"
"133","sk__Eukaryota, k__Metazoa, p__Cnidaria, c__Hydrozoa, o__Anthoathecata, f__Hydridae, g__Hydra, s__Hydra_oxycnida"
"134","sk__Eukaryota, k__Metazoa, p__Cnidaria, c__Hydrozoa, o__Anthoathecata, f__Oceaniidae, g__Cordylophora, s__Cordylophora_sp._IM1"
"135","sk__Eukaryota, k__Metazoa, p__Cnidaria, c__Hydrozoa, o__Anthoathecata, f__Oceaniidae, g__Cordylophora, s__Cordylophora_sp._NFR3"
"136","sk__Eukaryota, k__Metazoa, p__Cnidaria, c__Hydrozoa, o__Limnomedusae, f__Olindiidae, g__Craspedacusta, s__Craspedacusta_sowerbii"
"137","sk__Eukaryota, k__Metazoa, p__Gastrotricha, c__unknown, o__Chaetonotida, f__Chaetonotidae, g__Chaetonotus, s__Chaetonotus_similis"
"138","sk__Eukaryota, k__Metazoa, p__Gastrotricha, c__unknown, o__Chaetonotida, f__Chaetonotidae, g__Chaetonotus, s__Chaetonotus_sp._bor_MK-2018"
"139","sk__Eukaryota, k__Metazoa, p__Gastrotricha, c__unknown, o__Chaetonotida, f__Chaetonotidae, g__Chaetonotus, s__Chaetonotus_sp._g_MK-2018"
"140","sk__Eukaryota, k__Metazoa, p__Gastrotricha, c__unknown, o__Chaetonotida, f__Chaetonotidae, g__Chaetonotus, s__Chaetonotus_sp._h_MK-2018"
"141","sk__Eukaryota, k__Metazoa, p__Gastrotricha, c__unknown, o__Chaetonotida, f__Chaetonotidae, g__Chaetonotus, s__Chaetonotus_sp._j_MK-2018"
"142","sk__Eukaryota, k__Metazoa, p__Gastrotricha, c__unknown, o__Chaetonotida, f__Chaetonotidae, g__Heterolepidoderma, s__Heterolepidoderma_macrops"
"143","sk__Eukaryota, k__Metazoa, p__Mollusca, c__Gastropoda, o__Architaenioglossa, f__Viviparidae, g__Viviparus, s__Viviparus_viviparus"
"144","sk__Eukaryota, k__Metazoa, p__Nematoda, c__Chromadorea, o__Plectida, f__Plectidae, g__Plectus, s__Plectus_aquatilis"
"145","sk__Eukaryota, k__Metazoa, p__Platyhelminthes, c__Catenulida, o__unknown, f__Stenostomidae, g__Stenostomum, s__Stenostomum_sthenum"
"146","sk__Eukaryota, k__Metazoa, p__Platyhelminthes, c__unknown, o__Tricladida, f__Dugesiidae, g__Schmidtea, s__Schmidtea_polychroa"
"147","sk__Eukaryota, k__Metazoa, p__Rotifera, c__Bdelloidea, o__Philodinida, f__Philodinidae, g__Dissotrocha, s__Dissotrocha_aculeata"
"148","sk__Eukaryota, k__Metazoa, p__Rotifera, c__Bdelloidea, o__Philodinida, f__Philodinidae, g__Philodina, s__Philodina_citrina"
"149","sk__Eukaryota, k__Metazoa, p__Rotifera, c__Bdelloidea, o__Philodinida, f__Philodinidae, g__unknown, s__uncultured_Philodina"
"150","sk__Eukaryota, k__Metazoa, p__Rotifera, c__Bdelloidea, o__unknown, f__unknown, g__Rotaria, s__Rotaria_neptunia"
"151","sk__Eukaryota, k__Metazoa, p__Rotifera, c__Bdelloidea, o__unknown, f__unknown, g__Rotaria, s__Rotaria_rotatoria"
"152","sk__Eukaryota, k__Metazoa, p__Rotifera, c__Bdelloidea, o__unknown, f__unknown, g__Rotaria, s__Rotaria_tardigrada"
"153","sk__Eukaryota, k__Metazoa, p__Rotifera, c__Monogononta, o__Ploima, f__Brachionidae, g__Brachionus, s__Brachionus_angularis"
"154","sk__Eukaryota, k__Metazoa, p__Rotifera, c__Monogononta, o__Ploima, f__Brachionidae, g__Brachionus, s__Brachionus_calyciflorus"
"155","sk__Eukaryota, k__Metazoa, p__Rotifera, c__Monogononta, o__Ploima, f__Brachionidae, g__Euchlanis, s__Euchlanis_dilatata"
"156","sk__Eukaryota, k__Metazoa, p__Rotifera, c__Monogononta, o__Ploima, f__Brachionidae, g__Keratella, s__Keratella_cochlearis"
"157","sk__Eukaryota, k__Metazoa, p__Rotifera, c__Monogononta, o__Ploima, f__Brachionidae, g__Keratella, s__Keratella_quadrata"
"158","sk__Eukaryota, k__Metazoa, p__Rotifera, c__Monogononta, o__Ploima, f__Gastropidae, g__Ascomorpha, s__Ascomorpha_ecaudis"
"159","sk__Eukaryota, k__Metazoa, p__Rotifera, c__Monogononta, o__Ploima, f__Synchaetidae, g__Polyarthra, s__Polyarthra_dolichoptera_complex_sp._UO-2013"
"160","sk__Eukaryota, k__Metazoa, p__Rotifera, c__Monogononta, o__Ploima, f__Synchaetidae, g__Polyarthra, s__Polyarthra_sp._UO-2013"
"161","sk__Eukaryota, k__Metazoa, p__Rotifera, c__Monogononta, o__Ploima, f__Synchaetidae, g__Polyarthra, s__Polyarthra_sp._WM-2017a"
"162","sk__Eukaryota, k__Metazoa, p__Rotifera, c__Monogononta, o__Ploima, f__Synchaetidae, g__Synchaeta, s__Synchaeta_cf._tremula/oblonga_UO-2012"
"163","sk__Eukaryota, k__Metazoa, p__Rotifera, c__Monogononta, o__Ploima, f__Synchaetidae, g__Synchaeta, s__Synchaeta_grandis"
"164","sk__Eukaryota, k__Metazoa, p__Rotifera, c__Monogononta, o__Ploima, f__Synchaetidae, g__Synchaeta, s__Synchaeta_pectinata"
"165","sk__Eukaryota, k__Metazoa, p__unknown, c__unknown, o__unknown, f__unknown, g__unknown, s__invertebrate_environmental_sample"
"166","sk__Eukaryota, k__Viridiplantae, p__Chlorophyta, c__Chlorophyceae, o__Sphaeropleales, f__Scenedesmaceae, g__Tetradesmus, s__Tetradesmus_obliquus"
"167","sk__Eukaryota, k__Viridiplantae, p__Chlorophyta, c__Trebouxiophyceae, o__Chlorellales, f__Chlorellaceae, g__Chlorella, s__Chlorella_sp._ArM0029B"
"168","sk__Eukaryota, k__Viridiplantae, p__Chlorophyta, c__Trebouxiophyceae, o__Microthamniales, f__unknown, g__Trebouxia, s__Trebouxia_aggregata"
"169","sk__Eukaryota, k__Viridiplantae, p__Streptophyta, c__Mesostigmatophyceae, o__Mesostigmatales, f__Mesostigmataceae, g__Mesostigma, s__Mesostigma_viride"
"170","sk__Eukaryota, k__unknown, p__Bacillariophyta, c__Bacillariophyceae, o__Bacillariales, f__Bacillariaceae, g__Nitzschia, s__Nitzschia_palea"
"171","sk__Eukaryota, k__unknown, p__Bacillariophyta, c__Bacillariophyceae, o__Cymbellales, f__Gomphonemataceae, g__Gomphonema, s__Gomphonema_parvulum"
"172","sk__Eukaryota, k__unknown, p__Bacillariophyta, c__Bacillariophyceae, o__Naviculales, f__Naviculaceae, g__Fistulifera, s__Fistulifera_pelliculosa"
"173","sk__Eukaryota, k__unknown, p__Bacillariophyta, c__Bacillariophyceae, o__Naviculales, f__Naviculaceae, g__Fistulifera, s__Fistulifera_solaris"
"174","sk__Eukaryota, k__unknown, p__Bacillariophyta, c__Bacillariophyceae, o__Naviculales, f__Naviculaceae, g__Navicula, s__Navicula_minima"
"175","sk__Eukaryota, k__unknown, p__Bacillariophyta, c__Bacillariophyceae, o__Naviculales, f__Pinnulariaceae, g__Pinnularia, s__Pinnularia_neomajor"
"176","sk__Eukaryota, k__unknown, p__Bacillariophyta, c__Bacillariophyceae, o__Naviculales, f__Sellaphoraceae, g__Sellaphora, s__Sellaphora_bacillum"
"177","sk__Eukaryota, k__unknown, p__Bacillariophyta, c__Bacillariophyceae, o__Naviculales, f__Sellaphoraceae, g__Sellaphora, s__Sellaphora_lanceolata"
"178","sk__Eukaryota, k__unknown, p__Bacillariophyta, c__Bacillariophyceae, o__Naviculales, f__Sellaphoraceae, g__Sellaphora, s__Sellaphora_obesa"
"179","sk__Eukaryota, k__unknown, p__Bacillariophyta, c__Bacillariophyceae, o__Naviculales, f__Sellaphoraceae, g__Sellaphora, s__Sellaphora_pupula"
"180","sk__Eukaryota, k__unknown, p__Bacillariophyta, c__Coscinodiscophyceae, o__Melosirales, f__Melosiraceae, g__Melosira, s__Melosira_ambiqua"
"181","sk__Eukaryota, k__unknown, p__Bacillariophyta, c__Coscinodiscophyceae, o__Thalassiosirales, f__Stephanodiscaceae, g__Cyclostephanos, s__Cyclostephanos_dubius"
"182","sk__Eukaryota, k__unknown, p__Bacillariophyta, c__Coscinodiscophyceae, o__Thalassiosirales, f__Stephanodiscaceae, g__Cyclostephanos, s__Cyclostephanos_invisitatus"
"183","sk__Eukaryota, k__unknown, p__Bacillariophyta, c__Coscinodiscophyceae, o__Thalassiosirales, f__Stephanodiscaceae, g__Cyclostephanos, s__Cyclostephanos_sp._WTC16"
"184","sk__Eukaryota, k__unknown, p__Bacillariophyta, c__Coscinodiscophyceae, o__Thalassiosirales, f__Thalassiosiraceae, g__Thalassiosira, s__Thalassiosira_pseudonana"
"185","sk__Eukaryota, k__unknown, p__unknown, c__Chrysophyceae, o__Chromulinales, f__Chromulinaceae, g__Spumella, s__Spumella_sp."
"186","sk__Eukaryota, k__unknown, p__unknown, c__Chrysophyceae, o__Chromulinales, f__Chromulinaceae, g__Spumella, s__Spumella_sp._LG-2014b"
"187","sk__Eukaryota, k__unknown, p__unknown, c__Chrysophyceae, o__Chromulinales, f__Dinobryaceae, g__Dinobryon, s__Dinobryon_pediforme"
"188","sk__Eukaryota, k__unknown, p__unknown, c__Chrysophyceae, o__Chromulinales, f__Paraphysomonadaceae, g__Paraphysomonas, s__Paraphysomonas_sp."
"189","sk__Eukaryota, k__unknown, p__unknown, c__Chrysophyceae, o__unknown, f__Apoikiaceae, g__Apoikiospumella, s__Apoikiospumella_mondseeiensis"
"190","sk__Eukaryota, k__unknown, p__unknown, c__Chrysophyceae, o__unknown, f__unknown, g__Segregatospumella, s__Segregatospumella_dracosaxi"
"191","sk__Eukaryota, k__unknown, p__unknown, c__Chrysophyceae, o__unknown, f__unknown, g__unknown, s__Chrysophyceae_sp."
"192","sk__Eukaryota, k__unknown, p__unknown, c__Florideophyceae, o__Batrachospermales, f__Batrachospermaceae, g__Batrachospermum, s__Batrachospermum_gelatinosum"
"193","sk__Eukaryota, k__unknown, p__unknown, c__Florideophyceae, o__Batrachospermales, f__Batrachospermaceae, g__Sheathia, s__Sheathia_arcuata"
"194","sk__Eukaryota, k__unknown, p__unknown, c__Haptophyceae, o__Prymnesiales, f__Chrysochromulinaceae, g__Chrysochromulina, s__Chrysochromulina_parva"
"195","sk__Eukaryota, k__unknown, p__unknown, c__Oomycetes, o__Albuginales, f__Albuginaceae, g__Albugo, s__Albugo_candida"
"196","sk__Eukaryota, k__unknown, p__unknown, c__Oomycetes, o__Peronosporales, f__Peronosporaceae, g__Phytophthora, s__Phytophthora_gallica"
"197","sk__Eukaryota, k__unknown, p__unknown, c__Oomycetes, o__Peronosporales, f__Peronosporaceae, g__Phytophthora, s__Phytophthora_plurivora"
"198","sk__Eukaryota, k__unknown, p__unknown, c__Oomycetes, o__Peronosporales, f__Peronosporaceae, g__Pseudoperonospora, s__Pseudoperonospora_humuli"
"199","sk__Eukaryota, k__unknown, p__unknown, c__Oomycetes, o__Pythiales, f__Pythiaceae, g__Pythium, s__Pythium_marsipium"
"200","sk__Eukaryota, k__unknown, p__unknown, c__Oomycetes, o__Pythiales, f__Pythiaceae, g__Pythium, s__Pythium_phragmitis"
"201","sk__Eukaryota, k__unknown, p__unknown, c__Oomycetes, o__Pythiales, f__Pythiaceae, g__Pythium, s__Pythium_sp._JN-1"
"202","sk__Eukaryota, k__unknown, p__unknown, c__Oomycetes, o__Pythiales, f__unknown, g__unknown, s__uncultured_Pythium"
"203","sk__Eukaryota, k__unknown, p__unknown, c__Oomycetes, o__Saprolegniales, f__Saprolegniaceae, g__Saprolegnia, s__Saprolegnia_delica"
"204","sk__Eukaryota, k__unknown, p__unknown, c__Synurophyceae, o__Synurales, f__Mallomonadaceae, g__Mallomonas, s__Mallomonas_sp."
"205","sk__Eukaryota, k__unknown, p__unknown, c__unknown, o__Kinetoplastida, f__Bodonidae, g__Bodo, s__Bodo_saltans"
"206","sk__Eukaryota, k__unknown, p__unknown, c__unknown, o__Physariida, f__Didymiaceae, g__Didymium, s__Didymium_minus"
"207","sk__Eukaryota, k__unknown, p__unknown, c__unknown, o__unknown, f__Hartmannellidae, g__Vermamoeba, s__Vermamoeba_vermiformis"
"208","sk__Eukaryota, k__unknown, p__unknown, c__unknown, o__unknown, f__unknown, g__unknown, s__zooplankton_environmental_sample"
"209","sk__Bacteria, k__unknown, p__Cyanobacteria, c__unknown, o__Chroococcales, f__Microcystaceae, g__Microcystis"
"210","sk__Eukaryota, k__Fungi, p__Ascomycota, c__Eurotiomycetes, o__Eurotiales, f__Aspergillaceae, g__Penicillium"
"211","sk__Eukaryota, k__Fungi, p__Ascomycota, c__Sordariomycetes, o__Glomerellales, f__Glomerellaceae, g__Colletotrichum"
"212","sk__Eukaryota, k__Fungi, p__Ascomycota, c__Sordariomycetes, o__Glomerellales, f__Plectosphaerellaceae, g__Verticillium"
"213","sk__Eukaryota, k__Fungi, p__Ascomycota, c__Sordariomycetes, o__Hypocreales, f__Nectriaceae, g__Fusarium"
"214","sk__Eukaryota, k__Fungi, p__Ascomycota, c__Sordariomycetes, o__Hypocreales, f__unknown, g__Emericellopsis"
"215","sk__Eukaryota, k__Fungi, p__Ascomycota, c__unknown, o__unknown, f__unknown, g__Tetracladium"
"216","sk__Eukaryota, k__Fungi, p__Basidiomycota, c__Microbotryomycetes, o__Sporidiobolales, f__Sporidiobolaceae, g__Rhodotorula"
"217","sk__Eukaryota, k__Fungi, p__Basidiomycota, c__Pucciniomycetes, o__Pucciniales, f__Melampsoraceae, g__Melampsora"
"218","sk__Eukaryota, k__Metazoa, p__Annelida, c__Clitellata, o__Haplotaxida, f__Naididae, g__Nais"
"219","sk__Eukaryota, k__Metazoa, p__Arthropoda, c__Branchiopoda, o__Diplostraca, f__Daphniidae, g__Daphnia"
"220","sk__Eukaryota, k__Metazoa, p__Arthropoda, c__Collembola, o__Entomobryomorpha, f__Isotomidae, g__Isotomurus"
"221","sk__Eukaryota, k__Metazoa, p__Arthropoda, c__Collembola, o__Neelipleona, f__Neelidae, g__Megalothorax"
"222","sk__Eukaryota, k__Metazoa, p__Arthropoda, c__Collembola, o__Poduromorpha, f__Hypogastruridae, g__Xenylla"
"223","sk__Eukaryota, k__Metazoa, p__Arthropoda, c__Hexanauplia, o__Cyclopoida, f__Cyclopidae, g__Cyclops"
"224","sk__Eukaryota, k__Metazoa, p__Arthropoda, c__Hexanauplia, o__Cyclopoida, f__Cyclopidae, g__Eucyclops"
"225","sk__Eukaryota, k__Metazoa, p__Arthropoda, c__Insecta, o__Diptera, f__Chironomidae, g__Chironomus"
"226","sk__Eukaryota, k__Metazoa, p__Arthropoda, c__Insecta, o__Diptera, f__Chironomidae, g__Cricotopus"
"227","sk__Eukaryota, k__Metazoa, p__Arthropoda, c__Insecta, o__Diptera, f__Chironomidae, g__Tanytarsus"
"228","sk__Eukaryota, k__Metazoa, p__Arthropoda, c__Insecta, o__Hemiptera, f__Aphididae, g__Betulaphis"
"229","sk__Eukaryota, k__Metazoa, p__Arthropoda, c__Insecta, o__Hemiptera, f__Aphididae, g__Callipterinella"
"230","sk__Eukaryota, k__Metazoa, p__Arthropoda, c__Insecta, o__Hemiptera, f__Aphididae, g__Euceraphis"
"231","sk__Eukaryota, k__Metazoa, p__Arthropoda, c__Insecta, o__Hymenoptera, f__Braconidae, g__Dinocampus"
"232","sk__Eukaryota, k__Metazoa, p__Arthropoda, c__Insecta, o__Psocoptera, f__Liposcelidae, g__Liposcelis"
"233","sk__Eukaryota, k__Metazoa, p__Arthropoda, c__Malacostraca, o__Amphipoda, f__Crangonyctidae, g__Crangonyx"
"234","sk__Eukaryota, k__Metazoa, p__Chordata, c__Actinopteri, o__Cypriniformes, f__Cyprinidae, g__Scardinius"
"235","sk__Eukaryota, k__Metazoa, p__Chordata, c__Mammalia, o__unknown, f__Cervidae, g__Cervus"
"236","sk__Eukaryota, k__Metazoa, p__Cnidaria, c__Hydrozoa, o__Anthoathecata, f__Hydridae, g__Hydra"
"237","sk__Eukaryota, k__Metazoa, p__Platyhelminthes, c__Trematoda, o__Strigeidida, f__Diplostomatidae, g__Diplostomum"
"238","sk__Eukaryota, k__Metazoa, p__Rotifera, c__Monogononta, o__Ploima, f__Brachionidae, g__Keratella"
"239","sk__Eukaryota, k__Metazoa, p__Rotifera, c__Monogononta, o__Ploima, f__Synchaetidae, g__Polyarthra"
"240","sk__Eukaryota, k__Metazoa, p__Rotifera, c__Monogononta, o__Ploima, f__Synchaetidae, g__Synchaeta"
"241","sk__Eukaryota, k__Viridiplantae, p__Chlorophyta, c__Chlorophyceae, o__Sphaeropleales, f__Pseudomuriellaceae, g__Pseudomuriella"
"242","sk__Eukaryota, k__unknown, p__Bacillariophyta, c__Coscinodiscophyceae, o__Thalassiosirales, f__Skeletonemataceae, g__Skeletonema"
"243","sk__Eukaryota, k__unknown, p__Bacillariophyta, c__Coscinodiscophyceae, o__Thalassiosirales, f__Stephanodiscaceae, g__Stephanodiscus"
"244","sk__Eukaryota, k__unknown, p__unknown, c__Chrysophyceae, o__Chromulinales, f__Chromulinaceae, g__Pedospumella"
"245","sk__Eukaryota, k__unknown, p__unknown, c__Chrysophyceae, o__Chromulinales, f__Dinobryaceae, g__Dinobryon"
"246","sk__Eukaryota, k__unknown, p__unknown, c__Dinophyceae, o__Gymnodiniales, f__Gymnodiniaceae, g__Nusuttodinium"
"247","sk__Eukaryota, k__unknown, p__unknown, c__Dinophyceae, o__Peridiniales, f__Ostreopsidaceae, g__Ostreopsis"
"248","sk__Eukaryota, k__unknown, p__unknown, c__Haptophyceae, o__Prymnesiales, f__Chrysochromulinaceae, g__Chrysochromulina"
"249","sk__Eukaryota, k__unknown, p__unknown, c__Oomycetes, o__Peronosporales, f__Peronosporaceae, g__Phytophthora"
"250","sk__Eukaryota, k__unknown, p__unknown, c__Oomycetes, o__Pythiales, f__Pythiaceae, g__Pythium"
"251","sk__Eukaryota, k__unknown, p__unknown, c__Oomycetes, o__Saprolegniales, f__Saprolegniaceae, g__Achlya"
"252","sk__Eukaryota, k__unknown, p__unknown, c__Oomycetes, o__Saprolegniales, f__Saprolegniaceae, g__Aphanomyces"
"253","sk__Eukaryota, k__unknown, p__unknown, c__unknown, o__Himatismenida, f__Cochliopodiidae, g__Cochliopodium"
"254","sk__Eukaryota, k__unknown, p__unknown, c__unknown, o__unknown, f__Vannellidae, g__Ripella"
"255","sk__Eukaryota, k__Metazoa, p__Annelida, c__Clitellata, o__Haplotaxida, f__Enchytraeidae"
"256","sk__Eukaryota, k__Metazoa, p__Annelida, c__Clitellata, o__Haplotaxida, f__Lumbricidae"
"257","sk__Eukaryota, k__Metazoa, p__Annelida, c__Clitellata, o__Haplotaxida, f__Naididae"
"258","sk__Eukaryota, k__Metazoa, p__Annelida, c__Clitellata, o__Lumbriculida, f__Lumbriculidae"
"259","sk__Eukaryota, k__Metazoa, p__Arthropoda, c__Arachnida, o__Trombidiformes, f__Tydeidae"
"260","sk__Eukaryota, k__Metazoa, p__Arthropoda, c__Branchiopoda, o__Diplostraca, f__Chydoridae"
"261","sk__Eukaryota, k__Metazoa, p__Arthropoda, c__Branchiopoda, o__Diplostraca, f__Daphniidae"
"262","sk__Eukaryota, k__Metazoa, p__Arthropoda, c__Hexanauplia, o__Cyclopoida, f__Cyclopidae"
"263","sk__Eukaryota, k__Metazoa, p__Arthropoda, c__Insecta, o__Diptera, f__Chironomidae"
"264","sk__Eukaryota, k__Metazoa, p__Arthropoda, c__Insecta, o__Thysanoptera, f__Thripidae"
"265","sk__Eukaryota, k__Metazoa, p__Chordata, c__Actinopteri, o__Perciformes, f__Percidae"
"266","sk__Eukaryota, k__Metazoa, p__Chordata, c__Aves, o__Anseriformes, f__Anatidae"
"267","sk__Eukaryota, k__Viridiplantae, p__Chlorophyta, c__unknown, o__unknown, f__Pycnococcaceae"
"268","sk__Eukaryota, k__unknown, p__unknown, c__Florideophyceae, o__Batrachospermales, f__Batrachospermaceae"
"269","sk__Eukaryota, k__unknown, p__unknown, c__Oomycetes, o__Pythiales, f__Pythiaceae"
"270","sk__Eukaryota, k__Fungi, p__Ascomycota, c__Sordariomycetes, o__Hypocreales"
"271","sk__Eukaryota, k__Fungi, p__Mucoromycota, c__Mucoromycetes, o__Mucorales"
"272","sk__Eukaryota, k__Metazoa, p__Annelida, c__Clitellata, o__Haplotaxida"
"273","sk__Eukaryota, k__Metazoa, p__Arthropoda, c__Hexanauplia, o__Cyclopoida"
"274","sk__Eukaryota, k__Metazoa, p__Arthropoda, c__Insecta, o__Diptera"
"275","sk__Eukaryota, k__Metazoa, p__Arthropoda, c__Insecta, o__Hemiptera"
"276","sk__Eukaryota, k__Metazoa, p__Arthropoda, c__Insecta, o__Hymenoptera"
"277","sk__Eukaryota, k__Metazoa, p__Arthropoda, c__Insecta, o__Psocoptera"
"278","sk__Eukaryota, k__Metazoa, p__Arthropoda, c__Malacostraca, o__Decapoda"
"279","sk__Eukaryota, k__Metazoa, p__Arthropoda, c__Malacostraca, o__Isopoda"
"280","sk__Eukaryota, k__Metazoa, p__Arthropoda, c__Ostracoda, o__Podocopida"
"281","sk__Eukaryota, k__Metazoa, p__Nematoda, c__Chromadorea, o__Rhabditida"
"282","sk__Eukaryota, k__Metazoa, p__Porifera, c__Demospongiae, o__Spongillida"
"283","sk__Eukaryota, k__Metazoa, p__Rotifera, c__Monogononta, o__Ploima"
"284","sk__Eukaryota, k__unknown, p__unknown, c__Chrysophyceae, o__Chromulinales"
"285","sk__Eukaryota, k__Metazoa, p__Chordata, c__Actinopteri"
"286","sk__Eukaryota, k__Metazoa, p__Chordata, c__Aves"
"287","sk__Eukaryota, k__unknown, p__unknown, c__Dinophyceae"
"288","sk__Eukaryota, k__unknown, p__unknown, c__Oomycetes"
"289","sk__Eukaryota, k__Fungi, p__Ascomycota"
"290","sk__Eukaryota, k__Viridiplantae, p__Streptophyta"
"291","sk__Eukaryota, k__Fungi"
"292","sk__Eukaryota, k__Metazoa"
"293","sk__Eukaryota"
"294","__unassigned"
